keys,mouse_distance,tab_switches,backspace,fatigue_score,risk_index
7,1063.59,1,3,3.1389,1
10,213.52,0,1,0.9667,0
18,496.3,1,2,0.0,0
24,671.11,0,1,0.0,0
26,602.85,0,1,0.0,0
22,289.05,0,2,0.0,0
20,459.33,1,1,0.0,0
26,466.0,0,1,0.0,0
18,617.11,1,1,0.0,0
22,594.78,0,2,0.0,0
18,387.31,0,2,0.0,0
23,748.37,0,1,0.0,0
0,167.58,0,0,1.2,0
16,643.13,1,1,0.0,0
23,353.59,0,2,0.0,0
21,548.11,0,1,0.0,0
21,649.36,1,0,0.0,0
21,638.88,0,1,0.0,0
18,396.52,0,1,0.0,0
19,828.89,0,1,0.0,0
25,129.77,0,1,0.0,0
21,628.97,0,1,0.0,0
24,423.28,0,1,0.0,0
24,457.91,1,2,0.0,0
0,135.34,0,1,1.2,0
22,531.33,0,1,0.0,0
18,534.88,0,2,0.0,0
18,600.49,0,0,0.0,0
18,416.02,0,1,0.0,0
22,1123.65,0,2,0.3933,0
22,646.38,0,0,0.0,0
18,482.46,0,1,0.0,0
13,209.01,0,0,0.7667,0
22,300.79,1,1,0.0,0
26,421.62,0,0,0.0,0
15,454.8,0,0,0.0,0
0,222.71,0,0,1.2,0
24,119.99,0,2,0.0,0
21,369.29,0,2,0.0,0
20,383.51,0,1,0.0,0
20,852.39,0,1,0.0,0
15,539.44,1,0,0.0,0
27,683.72,0,0,0.0,0
27,238.47,2,0,1.35,0
15,414.24,0,0,0.0,0
23,451.11,0,2,0.0,0
15,568.97,0,0,0.0,0
30,1141.05,0,2,0.3994,0
0,151.15,0,1,1.2,0
21,321.15,0,1,0.0,0
17,469.03,0,0,0.0,0
21,465.1,1,0,0.0,0
12,393.01,0,0,0.8333,0
28,888.94,0,2,0.0,0
18,239.31,1,0,0.0,0
16,968.26,0,0,0.0,0
24,301.36,1,0,0.0,0
22,465.54,1,2,0.0,0
17,1052.04,0,1,0.3682,0
14,537.97,0,0,0.7,0
0,277.6,0,1,1.2,0
19,562.88,0,0,0.0,0
21,409.6,0,0,0.0,0
22,837.87,0,0,0.0,0
14,199.0,0,0,0.7,0
29,460.51,0,0,0.0,0
27,256.45,0,0,0.0,0
23,413.19,0,1,0.0,0
19,574.27,0,0,0.0,0
20,641.67,1,0,0.0,0
20,314.49,1,1,0.0,0
16,426.49,0,1,0.0,0
0,114.1,0,1,1.2,0
18,427.91,0,0,0.0,0
23,794.23,0,3,1.6,0
17,450.75,0,1,0.0,0
21,261.43,0,1,0.0,0
21,1053.84,0,0,0.3688,0
16,436.78,0,1,0.0,0
17,569.43,0,1,0.0,0
16,356.09,0,1,0.0,0
19,266.27,0,2,0.0,0
31,383.52,1,0,0.0,0
26,479.26,0,2,0.0,0
0,98.63,0,1,1.2,0
31,216.77,1,1,0.0,0
29,1139.11,2,0,1.7487,0
18,1067.25,0,2,0.3735,0
19,671.01,0,0,0.0,0
18,470.56,0,0,0.0,0
19,441.39,0,0,0.0,0
17,603.74,0,1,0.0,0
21,577.39,1,1,0.0,0
20,341.26,0,0,0.0,0
20,960.5,0,1,0.0,0
22,332.13,0,0,0.0,0
0,288.73,0,1,1.2,0
26,557.8,0,1,0.0,0
11,704.04,1,2,0.9,0
14,396.26,1,1,0.7,0
20,435.72,1,1,0.0,0
19,533.56,0,2,0.0,0
7,447.89,1,1,1.1667,0
21,418.18,0,1,0.0,0
22,880.02,0,0,0.0,0
24,427.72,0,1,0.0,0
21,426.42,0,1,0.0,0
29,759.03,1,1,0.0,0
0,451.83,0,1,1.2,0
22,682.16,0,1,0.0,0
20,346.57,0,1,0.0,0
14,672.12,0,4,2.8,0
20,757.67,0,0,0.0,0
29,660.77,0,2,0.0,0
20,242.16,0,2,0.0,0
28,640.26,1,1,0.0,0
15,1049.83,0,1,0.3674,0
22,754.17,0,1,0.0,0
9,566.96,0,1,1.0333,0
22,855.57,0,1,0.0,0
0,194.98,0,1,1.2,0
12,824.71,0,1,0.8333,0
24,374.39,0,0,0.0,0
25,551.23,0,2,0.0,0
21,310.06,1,1,0.0,0
19,584.35,0,0,0.0,0
15,472.5,1,0,0.0,0
16,319.1,0,0,0.0,0
24,502.51,1,1,0.0,0
24,685.2,2,1,1.35,0
32,454.86,0,0,0.0,0
28,399.31,0,1,0.0,0
0,404.05,0,0,1.2,0
12,224.64,1,1,0.8333,0
16,596.72,0,2,0.0,0
21,189.19,0,2,0.0,0
20,396.21,1,2,0.0,0
24,530.41,0,0,0.0,0
21,616.61,0,0,0.0,0
19,543.29,1,0,0.0,0
18,614.66,1,0,0.0,0
19,682.49,1,1,0.0,0
14,173.92,0,2,0.7,0
17,664.88,1,2,0.0,0
0,281.76,0,1,1.2,0
27,1119.1,0,0,0.3917,0
27,520.27,0,0,0.0,0
17,174.28,1,0,0.0,0
18,676.79,0,3,1.6,0
13,586.42,1,0,0.7667,0
22,471.16,0,1,0.0,0
25,366.9,0,1,0.0,0
15,356.06,0,1,0.0,0
19,572.31,1,1,0.0,0
27,424.59,0,1,0.0,0
25,427.07,0,1,0.0,0
0,302.17,0,1,1.2,0
19,576.73,1,1,0.0,0
30,515.26,1,0,0.0,0
30,313.95,1,1,0.0,0
22,316.66,1,0,0.0,0
10,254.18,1,0,0.9667,0
19,926.19,0,0,0.0,0
15,576.5,0,1,0.0,0
19,540.77,0,0,0.0,0
18,734.05,0,1,0.0,0
20,1071.49,1,1,0.375,0
27,520.13,0,2,0.0,0
0,253.75,0,1,1.2,0
16,594.67,0,1,0.0,0
23,738.76,1,2,0.0,0
19,599.87,0,1,0.0,0
25,97.09,1,2,0.0,0
10,171.09,0,1,0.9667,0
24,517.39,0,1,0.0,0
17,1032.49,0,1,0.3614,0
17,602.32,1,0,0.0,0
19,521.89,0,0,0.0,0
24,575.82,0,1,0.0,0
17,697.52,0,2,0.0,0
0,153.28,0,1,1.2,0
16,793.87,0,0,0.0,0
27,402.64,0,0,0.0,0
21,556.81,0,1,0.0,0
18,292.95,0,2,0.0,0
22,155.53,0,2,0.0,0
17,752.52,0,1,0.0,0
16,128.98,1,2,0.0,0
21,460.57,0,1,0.0,0
19,544.75,0,0,0.0,0
24,645.79,1,2,0.0,0
23,565.21,0,2,0.0,0
0,250.42,0,0,1.2,0
16,272.9,1,0,0.0,0
16,484.45,0,2,0.0,0
20,331.58,1,0,0.0,0
24,464.88,0,1,0.0,0
23,541.35,1,0,0.0,0
20,557.65,0,0,0.0,0
21,179.94,0,2,0.0,0
26,444.45,0,1,0.0,0
8,245.6,1,1,1.1,0
15,657.17,1,1,0.0,0
14,1223.54,0,2,1.1282,0
0,125.54,0,1,1.2,0
21,900.69,1,1,0.0,0
18,136.61,0,0,0.0,0
18,385.47,1,2,0.0,0
21,109.51,0,1,0.0,0
17,780.38,0,1,0.0,0
17,619.05,0,2,0.0,0
22,129.17,1,0,0.0,0
21,551.76,1,1,0.0,0
16,217.82,0,2,0.0,0
21,364.93,0,1,0.0,0
18,507.06,2,1,1.35,0
0,191.84,0,1,1.2,0
17,409.44,0,1,0.0,0
15,0.0,0,1,0.0,0
33,410.84,0,1,0.0,0
18,437.03,0,1,0.0,0
14,627.5,1,1,0.7,0
13,653.82,0,3,2.3667,0
21,425.79,1,1,0.0,0
23,119.25,0,0,0.0,0
18,906.52,0,0,0.0,0
28,257.18,0,0,0.0,0
22,308.81,0,2,0.0,0
0,393.38,0,1,1.2,0
18,127.77,1,1,0.0,0
15,424.68,0,2,0.0,0
11,144.56,1,2,0.9,0
17,629.34,0,1,0.0,0
16,210.3,0,0,0.0,0
22,1024.17,0,1,0.3585,0
22,463.28,0,1,0.0,0
23,775.38,0,1,0.0,0
18,394.6,0,1,0.0,0
27,399.06,0,2,0.0,0
22,445.93,0,0,0.0,0
0,12.3,0,1,1.2,0
16,0.0,0,1,0.0,0
15,455.76,0,1,0.0,0
19,273.22,0,1,0.0,0
25,285.29,0,1,0.0,0
23,451.26,0,0,0.0,0
20,654.37,0,1,0.0,0
20,453.65,1,0,0.0,0
12,650.86,0,1,0.8333,0
15,478.84,1,0,0.0,0
9,170.74,0,2,1.0333,0
27,562.17,0,0,0.0,0
0,134.58,0,1,1.2,0
14,598.52,0,0,0.7,0
23,458.71,0,2,0.0,0
21,671.11,1,0,0.0,0
12,5.6,0,0,0.8333,0
26,275.46,0,2,0.0,0
20,704.78,1,1,0.0,0
23,418.22,1,4,2.1,0
20,434.16,0,1,0.0,0
30,1395.4,0,0,0.4884,0
24,640.72,0,1,0.0,0
26,639.78,0,0,0.0,0
0,330.06,0,1,1.2,0
14,518.4,0,1,0.7,0
28,880.38,0,2,0.0,0
21,797.14,0,0,0.0,0
21,259.44,0,0,0.0,0
20,213.42,0,0,0.0,0
20,895.46,0,1,0.0,0
20,554.73,0,0,0.0,0
19,261.87,1,0,0.0,0
16,224.93,0,0,0.0,0
22,106.92,0,0,0.0,0
25,733.03,0,2,0.0,0
0,264.28,0,1,1.2,0
16,261.59,0,0,0.0,0
22,783.21,1,1,0.0,0
19,226.27,0,1,0.0,0
21,455.54,0,1,0.0,0
21,389.13,1,0,0.0,0
22,411.56,0,1,0.0,0
21,249.33,0,0,0.0,0
27,244.34,0,1,0.0,0
11,506.4,0,0,0.9,0
19,767.12,0,1,0.0,0
22,843.52,0,0,0.0,0
0,218.22,0,1,1.2,0
16,428.22,1,0,0.0,0
29,1081.79,0,0,0.3786,0
29,479.47,1,1,0.0,0
22,1199.35,0,1,0.4198,0
16,713.18,0,1,0.0,0
18,699.89,1,0,0.0,0
21,503.08,0,0,0.0,0
22,73.87,0,2,0.0,0
15,182.69,1,1,0.0,0
20,347.43,1,1,0.0,0
13,410.47,0,0,0.7667,0
0,254.88,0,0,1.2,0
21,278.26,1,2,0.0,0
20,83.77,1,0,0.0,0
20,451.39,0,1,0.0,0
20,549.62,0,2,0.0,0
14,242.17,0,0,0.7,0
21,773.89,0,1,0.0,0
7,125.12,0,1,1.1667,0
17,410.15,0,0,0.0,0
18,730.85,0,1,0.0,0
16,605.35,1,0,0.0,0
22,522.56,0,1,0.0,0
0,434.71,0,1,1.2,0
30,450.41,1,1,0.0,0
20,263.23,0,1,0.0,0
22,622.23,0,0,0.0,0
25,754.65,0,1,0.0,0
15,616.47,1,1,0.0,0
16,430.06,0,0,0.0,0
17,1086.29,1,0,0.3802,0
22,448.9,0,0,0.0,0
20,598.63,0,0,0.0,0
28,568.12,0,0,0.0,0
14,480.67,0,2,0.7,0
0,355.26,0,0,1.2,0
21,695.01,1,1,0.0,0
26,563.66,0,1,0.0,0
22,0.0,0,2,0.0,0
2,120.84,1,0,1.75,0
22,244.27,0,0,0.0,0
27,393.51,0,1,0.0,0
20,589.77,1,0,0.0,0
21,279.48,0,1,0.0,0
20,199.76,0,2,0.0,0
16,703.36,1,0,0.0,0
19,476.64,0,0,0.0,0
0,327.85,0,1,1.2,0
15,743.03,0,0,0.0,0
13,597.64,0,1,0.7667,0
12,550.49,1,0,0.8333,0
22,639.04,0,2,0.0,0
22,433.42,0,1,0.0,0
24,825.44,0,1,0.0,0
27,475.86,0,2,0.0,0
24,526.66,1,1,0.0,0
24,486.96,1,1,0.0,0
18,639.46,0,0,0.0,0
22,647.42,0,0,0.0,0
0,1053.8,0,1,2.3688,0
14,817.31,0,1,0.7,0
12,270.09,1,1,0.8333,0
20,439.75,1,0,0.0,0
23,574.77,1,2,0.0,0
22,635.55,0,1,0.0,0
18,20.35,0,0,0.0,0
20,730.02,0,2,0.0,0
21,389.92,0,0,0.0,0
17,499.69,1,1,0.0,0
17,677.25,1,2,0.0,0
15,714.26,0,1,0.0,0
0,271.21,0,1,1.2,0
16,381.71,0,2,0.0,0
15,596.25,1,0,0.0,0
19,524.12,0,0,0.0,0
13,823.84,0,1,0.7667,0
22,526.04,0,1,0.0,0
19,819.89,0,1,0.0,0
26,358.24,1,0,0.0,0
15,600.11,0,0,0.0,0
20,456.69,1,1,0.0,0
19,149.59,0,2,0.0,0
25,790.18,0,1,0.0,0
0,417.88,0,1,1.2,0
21,466.73,0,1,0.0,0
20,524.29,0,1,0.0,0
13,160.4,0,0,0.7667,0
19,368.86,0,1,0.0,0
24,1385.89,0,2,0.4851,0
28,608.8,0,2,0.0,0
26,748.62,0,1,0.0,0
23,614.33,1,0,0.0,0
24,201.72,1,2,0.0,0
27,684.85,0,1,0.0,0
19,246.51,0,2,0.0,0
0,271.22,0,1,1.2,0
26,420.52,1,0,0.0,0
15,599.07,0,0,0.0,0
16,448.12,1,0,0.0,0
19,889.7,0,0,0.0,0
19,38.56,0,0,0.0,0
19,349.11,1,0,0.0,0
19,783.46,0,1,0.0,0
20,480.46,0,1,0.0,0
29,0.0,1,1,0.0,0
17,503.2,0,2,0.0,0
22,415.47,0,0,0.0,0
0,373.32,0,0,1.2,0
21,711.78,1,0,0.0,0
17,653.52,1,0,0.0,0
20,824.05,1,2,0.0,0
13,238.84,0,1,0.7667,0
19,168.39,0,1,0.0,0
16,1040.63,0,1,0.3642,0
18,420.01,1,1,0.0,0
10,474.29,0,1,0.9667,0
20,147.95,0,1,0.0,0
21,1019.29,0,1,0.3568,0
24,323.95,1,2,0.0,0
0,258.83,0,0,1.2,0
18,580.38,0,1,0.0,0
19,836.99,0,2,0.0,0
19,665.03,0,0,0.0,0
30,229.84,0,0,0.0,0
27,267.18,0,1,0.0,0
18,592.45,0,0,0.0,0
17,351.67,0,0,0.0,0
16,1001.96,0,0,0.3507,0
24,392.4,0,2,0.0,0
16,0.0,1,1,0.0,0
11,5.05,0,1,0.9,0
0,405.75,0,0,1.2,0
20,783.92,0,1,0.0,0
24,301.8,0,1,0.0,0
24,373.14,0,1,0.0,0
25,379.1,1,2,0.0,0
20,571.94,1,1,0.0,0
20,625.52,0,0,0.0,0
28,780.94,0,1,0.0,0
28,383.19,0,1,0.0,0
20,409.33,1,2,0.0,0
19,156.94,1,1,0.0,0
28,324.68,0,1,0.0,0
0,180.21,0,0,1.2,0
24,491.52,0,1,0.0,0
18,719.85,0,2,0.0,0
24,1033.15,0,1,0.3616,0
16,645.66,1,0,0.0,0
23,838.13,0,1,0.0,0
18,582.07,1,2,0.0,0
20,368.06,0,2,0.0,0
22,452.03,0,0,0.0,0
9,56.9,0,0,1.0333,0
20,555.1,0,2,0.0,0
20,940.77,0,2,0.0,0
0,278.67,0,3,3.6,1
18,413.19,0,1,0.0,0
21,686.01,0,2,0.0,0
17,245.36,1,1,0.0,0
20,41.43,0,2,0.0,0
24,444.76,0,2,0.0,0
15,771.24,1,0,0.0,0
18,240.4,1,1,0.0,0
17,588.87,0,0,0.0,0
29,455.35,1,1,0.0,0
13,761.89,0,0,0.7667,0
17,495.11,1,1,0.0,0
0,285.16,0,1,1.2,0
21,150.44,0,1,0.0,0
24,86.84,0,0,0.0,0
24,559.42,0,0,0.0,0
29,603.08,1,1,0.0,0
34,452.96,0,0,0.0,0
22,596.58,0,0,0.0,0
15,1008.17,0,1,0.3529,0
16,1311.04,0,1,0.4589,0
23,215.79,1,2,0.0,0
24,920.85,0,2,0.0,0
18,388.44,0,2,0.0,0
0,232.06,0,1,1.2,0
18,701.59,0,2,0.0,0
24,416.47,0,0,0.0,0
14,792.3,0,2,0.7,0
25,166.75,0,2,0.0,0
22,146.84,1,0,0.0,0
22,622.34,0,1,0.0,0
21,824.19,0,1,0.0,0
6,430.16,1,0,1.2333,0
14,520.72,0,0,0.7,0
22,298.52,0,2,0.0,0
27,380.64,0,0,0.0,0
0,54.17,0,0,1.2,0
23,459.85,1,3,1.6,0
13,760.16,1,1,0.7667,0
19,391.84,0,0,0.0,0
23,556.3,0,0,0.0,0
20,612.9,0,1,0.0,0
31,155.06,1,1,0.0,0
27,312.53,1,1,0.0,0
25,713.65,0,2,0.0,0
19,453.93,0,1,0.0,0
27,539.89,0,0,0.0,0
24,702.65,0,1,0.0,0
0,342.0,0,1,1.2,0
19,683.95,1,0,0.0,0
21,481.64,1,1,0.0,0
5,225.59,0,1,1.3,0
17,579.33,0,1,0.0,0
27,468.31,0,0,0.0,0
32,833.62,0,2,0.0,0
17,428.38,1,2,0.0,0
9,1397.24,3,4,5.8724,1
9,2097.89,2,5,5.7496,1
15,1592.9,2,5,4.5075,1
7,1278.02,2,4,5.064,1
12,1510.47,1,5,3.962,1
5,1128.94,2,5,5.6451,1
10,1792.51,2,5,5.544,1
3,1450.4,2,3,5.0826,1
16,1121.14,3,2,2.6424,0
15,1616.99,2,4,4.0159,1
10,1585.79,1,5,4.1217,1
7,1728.3,2,4,5.2216,1
10,1546.47,2,3,4.4579,1
9,1338.14,3,5,6.3517,2
8,1212.96,2,5,5.4745,1
6,1685.11,2,4,5.2731,1
8,1337.6,3,3,5.4182,1
10,1444.95,2,3,4.4224,1
3,1488.79,1,5,4.7461,1
10,1517.66,1,4,3.5978,1
12,980.66,3,3,4.6833,1
10,1314.13,2,4,4.8766,1
9,1207.07,2,6,5.8058,1
9,1451.02,2,5,5.4912,1
13,1811.62,2,2,2.7507,0
3,1660.49,2,4,5.6562,1
10,1755.18,2,6,5.931,1
16,1250.55,1,5,3.0377,1
4,1258.13,2,6,7.0903,2
9,1718.38,1,4,3.7348,1
11,1854.6,2,6,5.8991,1
7,1643.31,2,2,3.0918,1
5,1311.67,2,6,6.1091,2
8,1142.26,1,5,4.0998,1
7,1700.6,2,6,6.1119,2
9,1398.07,2,2,2.8727,0
7,1201.82,2,3,4.5373,1
8,1197.5,2,3,4.4691,1
12,1087.35,2,3,4.1639,1
9,1588.79,2,3,4.5394,1
5,1171.78,2,2,3.0601,1
13,924.31,3,2,3.0167,1
13,1460.21,2,6,5.6277,1
7,1468.96,2,5,5.6308,1
2,1745.12,1,2,2.3608,0
8,1139.53,2,6,5.8488,1
9,1310.31,1,6,4.4919,1
11,1583.42,2,6,5.8042,1
14,1222.43,1,5,3.7279,1
13,1828.78,1,3,3.0067,1
9,1853.11,2,3,4.6319,1
10,2139.52,2,6,6.0899,2
9,1488.93,2,2,2.9045,0
7,1638.35,3,3,5.5901,1
4,1584.24,2,2,3.4045,1
11,1512.1,2,7,5.9459,1
13,1550.03,2,6,5.6592,1
2,1913.52,2,2,3.7697,1
13,1182.83,1,5,3.7807,1
10,1495.57,2,5,5.4401,1
13,1041.04,3,4,5.481,1
10,1447.02,3,5,6.3231,2
11,872.33,2,2,2.25,0
5,1513.9,2,4,5.2799,1
13,1453.55,3,5,6.1254,2
8,1830.95,2,5,5.6908,1
8,1438.52,2,2,2.9535,0
11,1042.45,1,5,3.8649,1
10,2120.61,2,3,4.6868,1
9,1967.55,1,6,4.722,1
7,1558.23,2,6,6.062,2
10,1318.34,2,3,4.3781,1
5,1535.13,2,3,4.7873,1
9,1080.09,2,5,5.3614,1
11,1311.24,3,2,3.6089,1
5,1233.39,2,4,5.1817,1
13,1333.73,2,3,4.1835,1
8,1564.47,3,3,5.4976,1
12,1360.95,2,5,5.2597,1
9,1140.69,2,5,5.3826,1
10,1750.72,2,4,5.0294,1
17,1048.19,2,2,1.7169,0
6,1371.72,1,5,4.3134,1
7,1561.57,1,4,3.8132,1
10,1766.48,1,6,4.5849,1
8,908.31,3,4,5.45,1
9,1236.7,1,6,4.4662,1
8,1362.61,3,2,3.8269,1
5,1772.3,1,2,1.9203,0
8,1999.97,1,2,1.8,0
10,1255.46,2,4,4.8561,1
10,1509.76,2,6,5.8451,1
9,1444.26,3,7,7.5555,2
8,1737.8,1,4,3.8082,1
9,1286.86,2,3,4.4337,1
8,1884.12,2,6,6.1094,2
6,1674.52,2,6,6.1694,2
8,1581.59,2,3,4.6036,1
12,1298.63,2,6,5.6379,1
8,1352.93,2,3,4.5235,1
11,1944.59,2,5,5.5306,1
6,1518.31,2,5,5.7147,1
7,1336.18,3,2,3.8843,1
6,1462.49,2,2,3.0952,1
12,1261.38,3,5,6.1248,2
8,1518.72,3,4,5.9816,1
15,1791.07,2,6,4.9769,1
5,1554.77,2,5,5.7942,1
14,1710.39,2,4,4.7486,1
2,2088.37,2,4,5.9647,1
13,1086.08,2,2,2.4968,0
13,1068.83,2,2,2.4908,0
10,1421.8,2,5,5.4143,1
9,1414.9,3,2,3.7785,1
8,1384.82,2,5,5.5347,1
11,1420.85,2,4,4.8473,1
10,1000.56,2,6,5.6669,1
9,1510.32,2,6,5.9119,1
4,986.8,2,3,4.45,1
9,1544.25,2,4,5.0238,1
11,1742.49,1,4,3.6099,1
9,952.0,2,6,5.3833,1
13,1667.59,2,6,5.7003,1
12,1723.74,2,6,5.7866,1
7,1441.12,2,5,5.6211,1
10,1209.49,2,4,4.84,1
11,1522.87,2,5,5.383,1
9,1884.35,3,3,5.5429,1
8,1502.86,2,2,2.976,0
5,1159.32,1,5,4.3058,1
10,1209.24,1,2,1.3899,0
11,1333.2,2,5,5.3166,1
9,1674.75,1,2,1.6195,0
7,1456.15,1,6,4.6763,1
11,1136.79,2,4,4.7479,1
6,1867.25,2,6,6.2369,2
17,1540.88,2,2,1.8893,0
8,1561.25,3,3,5.4964,1
8,1819.47,1,4,3.8368,1
4,1689.76,3,4,7.4414,2
14,1077.22,2,2,2.427,0
14,1381.23,2,2,2.5334,0
3,1569.35,2,5,6.1243,2
10,1094.09,2,5,5.2996,1
13,1296.37,2,5,5.1704,1
3,1430.73,4,3,7.2258,2
5,1617.78,1,2,1.8662,0
6,1355.81,2,3,4.6579,1
11,1466.19,2,6,5.7632,1
6,1508.42,3,5,6.6113,2
8,1613.22,2,6,6.0146,2
11,1643.48,1,6,4.4752,1
13,707.62,2,4,4.2167,1
13,1417.51,2,5,5.2128,1
6,1767.0,1,6,4.8518,1
13,1485.67,2,3,4.2367,1
8,1235.52,1,3,3.1324,1
12,1053.02,2,4,4.6519,1
7,1836.31,1,3,3.4094,1
14,1491.34,1,6,4.222,1
7,1291.58,2,6,5.9687,1
10,1180.74,2,6,5.7299,1
8,1031.26,2,5,5.4109,1
7,1273.48,2,4,5.0624,1
10,1563.8,2,3,4.464,1
8,1555.98,2,6,5.9946,1
12,1187.3,2,7,5.7656,1
8,2149.38,2,4,5.3249,1
9,1309.06,1,2,1.4915,0
10,1476.96,2,4,4.9336,1
12,1438.68,2,3,4.2869,1
10,1941.11,2,3,4.5961,1
12,1007.78,2,2,2.5361,0
14,1627.05,2,3,4.2195,1
8,1508.07,3,4,5.9778,1
7,1424.63,2,4,5.1153,1
7,1290.37,2,2,2.9683,0
11,1641.78,2,2,2.8246,0
12,1522.85,3,3,5.2163,1
10,1476.2,2,6,5.8333,1
16,1382.49,2,4,3.9339,1
11,1565.48,2,3,4.3979,1
13,1475.51,1,4,3.3831,1
13,1662.68,1,4,3.4486,1
15,1671.29,1,2,0.585,0
10,1492.7,1,2,1.4891,0
11,1623.92,2,4,4.9184,1
7,1533.78,3,4,6.0535,2
5,1117.33,2,3,4.6411,1
9,1553.41,2,4,5.027,1
8,1671.47,1,2,1.685,0
10,1691.58,2,5,5.5087,1
12,1241.64,2,3,4.2179,1
12,1671.61,2,5,5.3684,1
7,1141.42,1,6,4.5662,1
11,1629.46,1,6,4.4703,1
6,2534.82,2,4,5.5225,1
18,1595.28,2,6,4.9083,1
8,1029.34,1,5,4.0603,1
6,1123.78,2,3,4.5767,1
10,1598.72,3,4,5.8762,1
9,1750.78,2,2,2.9961,0
11,1449.04,2,2,2.7572,0
5,985.79,2,5,5.25,1
10,1165.61,3,3,5.2246,1
10,939.44,2,3,3.9167,1
11,1600.64,2,3,4.4102,1
10,1765.83,2,6,5.9347,1
9,1378.33,3,3,5.3657,1
11,1550.73,2,6,5.7928,1
10,1712.88,1,5,4.1662,1
12,1726.41,1,6,4.4376,1
4,1901.31,2,5,6.1155,2
4,1314.41,1,2,1.96,0
9,1366.86,3,5,6.3617,2
6,1292.48,2,3,4.6357,1
11,1629.05,2,4,4.9202,1
10,1627.24,3,4,5.8862,1
10,1527.96,3,6,7.3515,2
12,1644.34,2,4,4.8589,1
7,1517.59,2,4,5.1478,1
10,2073.7,2,4,5.179,1
11,1777.8,3,3,5.3722,1
17,1401.71,2,6,4.8406,1
7,1408.6,3,4,6.0097,2
12,2217.77,2,4,5.0696,1
9,2203.04,2,4,5.2672,1
7,1319.49,2,4,5.0785,1
12,1405.26,2,4,4.7752,1
9,1690.19,2,2,2.9749,0
6,1558.32,2,2,3.1287,1
10,1289.54,3,5,6.268,2
7,1364.4,2,2,2.9942,0
13,1664.69,2,6,5.6993,1
13,2231.29,2,6,5.9052,1
7,1339.79,2,3,4.5856,1
6,1422.09,2,2,3.0811,1
11,1513.44,2,5,5.3797,1
11,1656.78,1,5,4.0799,1
16,1560.95,2,2,1.8963,0
6,1047.47,2,8,6.2833,2
9,1378.21,3,3,5.3657,1
14,1688.79,3,2,3.5411,1
10,1544.98,1,2,1.5074,0
9,1503.66,2,3,4.5096,1
7,1359.72,3,5,6.4926,2
10,1657.25,2,6,5.8967,1
9,1381.4,3,5,6.3668,2
11,1387.11,3,5,6.2355,2
12,1835.84,1,2,1.4759,0
7,1503.61,2,5,5.6429,1
9,1331.19,3,6,7.3492,2
10,1300.23,2,5,5.3717,1
7,1214.09,1,2,1.5916,0
10,2344.98,1,6,4.7742,1
11,1219.83,3,3,5.1769,1
14,1259.9,2,2,2.491,0
9,1476.55,1,2,1.5501,0
9,1819.64,1,5,4.2702,1
5,1745.07,2,3,4.8608,1
8,1088.64,2,2,2.831,0
9,1803.07,3,6,7.5144,2
9,1675.54,2,4,5.0698,1
13,1192.56,2,4,4.6341,1
10,1781.99,2,6,5.9404,1
2,1295.96,2,3,5.1536,1
9,1624.18,1,3,3.2018,1
11,1444.29,3,4,5.7555,1
8,1608.26,3,2,3.9129,1
11,1736.18,2,3,4.4577,1
0,1167.7,1,2,2.4087,0
8,984.12,3,4,5.45,1
10,1787.28,2,2,2.9422,0
11,1594.38,2,6,5.808,1
16,1752.46,3,2,2.8634,0
11,1796.78,2,5,5.4789,1
8,1802.89,1,2,1.731,0
17,1305.0,1,4,2.5568,0
9,1372.54,2,6,5.8637,1
1,1386.98,2,4,5.8104,1
8,2003.2,1,4,3.9505,1
13,1567.97,2,6,5.6655,1
10,1855.88,1,6,4.6162,1
11,2310.04,2,3,4.6517,1
16,1429.7,2,4,3.9504,1
13,1796.47,2,3,4.3454,1
2,1634.34,3,6,9.972,2
14,1544.06,2,5,5.1904,1
7,1096.35,2,2,2.9004,0
9,1372.2,2,5,5.4636,1
18,1716.98,2,5,4.5509,1
12,1884.66,2,5,5.443,1
3,1450.97,2,4,5.5828,1
7,1454.14,2,2,3.0256,1
14,1694.86,2,4,4.7432,1
14,1490.32,2,6,5.5716,1
3,1539.02,2,3,5.1137,1
13,1908.55,2,5,5.3847,1
7,1408.41,1,4,3.7596,1
17,1884.83,2,3,3.6097,1
8,1270.37,3,6,7.3946,2
6,1438.01,2,5,5.6866,1
14,1407.78,3,5,6.0427,2
11,1318.25,3,5,6.2114,2
9,1428.84,3,5,6.3834,2
5,1365.58,3,5,6.628,2
8,1081.71,1,5,4.0786,1
13,1488.3,2,6,5.6376,1
12,1068.43,2,4,4.6573,1
7,1198.44,1,2,1.5861,0
9,1332.51,2,4,4.9497,1
8,1754.85,1,5,4.3142,1
7,1971.37,2,2,3.2066,1
8,883.23,2,5,5.05,1
7,1909.68,1,5,4.4351,1
5,1788.59,2,4,5.376,1
7,1335.66,2,4,5.0841,1
3,1016.09,3,4,7.3306,2
14,1386.71,2,2,2.5353,0
13,2047.79,3,6,7.9746,2
9,1973.73,3,2,3.9741,1
13,1235.24,3,3,5.049,1
9,1250.92,2,2,2.8212,0
4,1244.39,1,4,4.0355,1
12,1466.27,3,6,7.1965,2
11,1247.38,2,3,4.2866,1
12,2176.94,1,2,1.6128,0
8,1699.93,2,6,6.045,2
8,1395.18,2,6,5.9383,1
7,1393.26,2,5,5.6043,1
12,1342.8,3,2,3.5533,1
4,1172.55,2,6,7.0604,2
9,1190.89,3,4,5.8001,1
7,1385.47,2,4,5.1016,1
11,1504.19,2,6,5.7765,1
8,1585.21,1,6,4.6548,1
7,1509.48,2,5,5.645,1
10,1698.16,2,2,2.911,0
15,1270.88,1,5,3.0448,1
9,1473.92,3,4,5.8992,1
10,1720.47,2,3,4.5188,1
9,2484.54,2,2,3.2141,1
7,1783.57,2,4,5.2409,1
9,929.94,2,3,3.9833,1
13,1643.8,2,3,4.292,1
13,1625.96,3,5,6.1858,2
12,1895.64,2,4,4.9468,1
12,1420.15,2,2,2.6804,0
20,1556.21,1,6,3.5447,1
8,1502.86,2,6,5.976,1
11,1055.02,2,5,5.2193,1
15,1444.41,2,8,5.1889,1
15,1677.42,2,2,1.9371,0
8,1781.41,2,2,3.0735,1
13,1640.97,3,5,6.191,2
10,1454.51,3,2,3.7257,1
7,1275.01,2,2,2.9629,0
11,1664.12,2,6,5.8324,1
11,1416.66,2,4,4.8458,1
9,1373.35,1,2,1.514,0
16,1048.91,3,5,5.2171,1
4,1471.86,3,6,9.6652,2
3,1601.15,1,3,3.7854,1
3,1718.29,2,6,7.3764,2
14,1593.33,2,6,5.6077,1
13,1937.42,2,6,5.7948,1
7,1552.35,2,4,5.16,1
4,1622.03,2,3,5.0177,1
11,1883.09,3,6,7.4091,2
9,1599.13,1,4,3.693,1
7,2320.66,2,6,6.3201,2
12,1477.39,3,4,5.7004,1
11,1758.53,3,6,7.3655,2
14,1580.45,1,5,3.8532,1
7,2061.25,1,4,4.0269,1
12,1081.87,1,4,3.312,1
13,1574.59,2,4,4.7678,1
13,1358.62,2,6,5.5922,1
9,1553.22,2,3,4.527,1
7,1241.86,2,6,5.9513,1
12,1153.97,2,4,4.6872,1
12,1343.23,2,3,4.2535,1
4,1323.47,2,4,5.4132,1
12,1299.48,2,5,5.2382,1
7,1322.4,2,6,5.9795,1
10,1356.47,2,3,4.3914,1
14,1881.21,2,5,5.3084,1
9,1523.44,1,6,4.5665,1
9,1501.38,2,8,6.2421,2
13,1414.41,3,3,5.1117,1
11,1347.85,2,4,4.8217,1
9,1247.96,2,5,5.4201,1
14,1459.33,2,3,4.1608,1
8,1575.71,3,6,7.5015,2
6,1006.57,1,6,4.5856,1
7,1494.62,2,6,6.0398,2
10,1252.86,2,4,4.8552,1
11,1237.84,2,4,4.7832,1
8,1128.51,3,5,6.345,2
10,2042.93,2,6,6.0738,2
8,1679.68,1,3,3.2879,1
14,1626.15,2,2,2.6192,0
14,1632.25,3,2,3.5213,1
11,1820.54,3,5,6.3872,2
12,1320.57,1,3,2.8955,0
10,1043.32,3,2,3.5818,1
13,1003.46,2,6,5.4679,1
6,1483.54,2,5,5.7026,1
14,1748.13,2,5,5.2618,1
10,1602.24,2,6,5.8775,1
12,1210.87,1,2,1.2571,0
13,1554.82,1,5,3.9109,1
11,756.01,2,2,2.25,0
9,1486.84,1,2,1.5537,0
9,1203.55,2,5,5.4046,1
10,1529.88,2,2,2.8521,0
13,1217.63,1,5,3.7928,1
13,1049.0,2,5,5.0838,1
8,1403.62,2,6,5.9413,1
9,1978.73,2,2,3.0759,1
6,1161.5,3,6,7.4899,2
8,1493.33,3,3,5.4727,1
7,1438.86,2,6,6.0203,2
14,1278.24,2,4,4.5974,1
7,1038.14,2,3,4.48,1
13,1771.97,3,4,5.7369,1
9,1694.94,2,2,2.9766,0
8,1079.04,2,3,4.4277,1
13,1891.67,1,6,4.4288,1
12,1726.71,3,6,7.2877,2
5,1361.28,1,4,3.8764,1
8,1319.55,2,5,5.5118,1
15,1714.69,2,4,4.0501,1
12,1649.94,2,5,5.3608,1
9,1388.83,2,3,4.4694,1
11,1379.41,2,4,4.8328,1
6,1891.17,2,3,4.8452,1
11,1777.15,2,2,2.872,0
10,1502.81,2,3,4.4427,1
8,1383.13,2,3,4.5341,1
9,1295.69,2,5,5.4368,1
13,1675.66,3,4,5.7031,1
9,1649.07,2,2,2.9605,0
9,1752.15,3,4,5.9966,1
7,1277.56,2,2,2.9638,0
15,1001.95,1,2,0.3507,0
5,1335.07,2,3,4.7173,1
8,1361.21,2,2,2.9264,0
8,1119.76,2,4,4.9419,1
12,1719.23,2,3,4.3851,1
10,1675.75,2,2,2.9032,0
10,1469.77,3,6,7.3311,2
15,1067.27,2,6,4.7235,1
7,1754.98,2,3,4.7309,1
13,1628.25,1,3,2.9366,0
10,1811.05,2,3,4.5505,1
9,1784.98,2,2,3.0081,1
12,1886.37,2,5,5.4436,1
8,1704.41,1,4,3.7965,1
9,1872.04,2,6,6.0385,2
10,1286.31,2,6,5.7669,1
9,1532.8,1,5,4.1698,1
7,1118.15,2,7,6.0747,2
7,2295.48,2,5,5.9159,1
6,1632.64,3,4,6.1548,2
10,1648.78,2,4,4.9937,1
7,1220.86,3,3,5.444,1
10,916.86,3,3,4.8167,1
8,1283.87,2,3,4.4994,1
10,1732.39,2,5,5.523,1
13,1499.5,3,2,3.5415,1
11,1536.83,2,6,5.7879,1
9,1287.43,2,2,2.8339,0
9,1327.57,2,6,5.848,1
6,1754.5,1,3,3.4474,1
7,1710.22,3,3,5.6152,1
5,1765.52,2,4,5.3679,1
8,1510.71,2,6,5.9787,1
10,1188.23,1,5,3.9825,1
8,1990.86,2,6,6.1468,2
3,1592.91,2,2,3.5325,1
14,1976.05,2,3,4.3416,1
12,1312.28,3,2,3.5426,1
6,1332.44,3,6,7.5497,2
12,1708.19,3,4,5.7812,1
5,1418.97,1,3,3.3966,1
12,2335.49,2,6,5.9892,1
1,1040.59,1,2,2.2392,0
8,1304.81,2,2,2.9067,0
13,1506.36,3,3,5.1439,1
9,1559.06,2,5,5.529,1
11,1688.77,2,6,5.8411,1
6,1696.26,2,3,4.777,1
9,845.82,2,4,4.4833,1
6,1638.12,2,2,3.1567,1
10,2007.25,1,5,4.3179,1
9,1579.15,2,2,2.936,0
10,1084.01,1,6,4.3461,1
7,2028.16,3,2,4.7714,1
13,1486.14,3,5,6.1368,2
1,2661.94,4,9,10.0,2
1,2534.98,6,14,10.0,2
6,2553.34,4,6,8.7756,2
2,2734.83,5,10,10.0,2
1,2709.48,7,7,10.0,2
3,3319.53,6,9,10.0,2
5,2569.3,3,8,8.9282,2
11,2201.44,5,7,8.8002,2
4,2426.26,5,14,10.0,2
3,3622.39,3,14,10.0,2
2,2359.49,3,10,10.0,2
4,2459.39,3,7,10.0,2
6,2416.31,3,12,9.5027,2
2,3113.37,7,7,10.0,2
1,3149.74,6,14,10.0,2
0,2677.1,3,9,10.0,2
1,2511.39,5,7,10.0,2
1,2982.58,3,7,10.0,2
1,2741.94,3,10,10.0,2
3,1960.66,6,10,10.0,2
4,2853.15,3,8,10.0,2
2,2165.88,5,10,10.0,2
4,2538.11,3,7,10.0,2
1,2704.44,7,7,10.0,2
3,2871.88,6,8,10.0,2
5,3117.85,6,7,9.603,2
1,2560.6,5,10,10.0,2
0,2370.32,3,14,10.0,2
1,2435.79,3,12,10.0,2
3,3885.34,5,6,10.0,2
2,2602.15,3,8,10.0,2
3,3679.89,3,6,10.0,2
4,2708.03,4,12,10.0,2
4,3259.16,3,7,10.0,2
2,1702.82,3,8,10.0,2
4,2357.46,4,8,10.0,2
3,2328.35,6,16,10.0,2
4,1995.9,3,14,10.0,2
2,3104.09,3,10,10.0,2
1,3087.44,3,7,10.0,2
5,2010.44,3,14,9.5017,2
1,3646.89,5,14,10.0,2
0,2328.44,3,14,10.0,2
4,2563.23,3,9,10.0,2
4,3188.46,6,9,10.0,2
3,3232.05,7,12,10.0,2
4,2749.39,5,8,10.0,2
1,2520.32,3,9,10.0,2
0,2773.45,6,8,10.0,2
3,2883.98,5,7,10.0,2
3,2577.8,3,14,10.0,2
1,2792.25,5,14,10.0,2
1,2626.95,3,6,10.0,2
1,2015.04,5,8,10.0,2
4,2879.47,7,10,10.0,2
2,4176.52,5,6,10.0,2
3,2393.16,7,7,10.0,2
4,2540.76,3,10,10.0,2
3,2740.65,7,10,10.0,2
3,2530.31,4,9,10.0,2
3,3989.32,3,9,10.0,2
1,2573.18,4,14,10.0,2
3,2951.84,6,8,10.0,2
3,2144.45,6,14,10.0,2
1,1982.04,7,9,10.0,2
3,3107.87,5,14,10.0,2
4,1684.13,5,9,10.0,2
3,2926.1,6,6,10.0,2
0,1821.02,6,8,10.0,2
3,2958.85,3,6,10.0,2
0,2223.92,3,9,10.0,2
0,1860.53,4,7,10.0,2
2,1986.09,3,6,10.0,2
4,2737.04,3,12,10.0,2
1,2301.69,3,9,10.0,2
2,3174.34,8,6,10.0,2
2,2849.44,3,7,10.0,2
4,2314.86,7,10,10.0,2
2,2966.16,3,6,10.0,2
4,2842.49,5,12,10.0,2
4,3761.73,3,9,10.0,2
5,2644.39,7,9,9.8574,2
0,2732.64,3,14,10.0,2
1,2567.37,7,14,10.0,2
0,2920.1,7,6,10.0,2
1,3385.13,3,6,10.0,2
4,2347.94,5,9,10.0,2
4,2985.47,4,6,10.0,2
0,3179.1,3,6,10.0,2
3,2734.29,7,9,10.0,2
3,2161.22,5,10,10.0,2
4,2696.63,3,12,10.0,2
2,1869.31,3,14,10.0,2
2,2777.84,3,7,10.0,2
5,2144.19,4,9,9.274,2
2,2032.07,7,9,10.0,2
5,2344.96,4,7,8.9742,2
0,2579.76,4,10,10.0,2
1,3162.35,7,12,10.0,2
2,2403.86,5,6,10.0,2
0,3099.77,3,9,10.0,2
1,2392.15,7,9,10.0,2
4,2841.79,7,8,10.0,2
4,1893.38,3,8,10.0,2
1,2065.18,3,10,10.0,2
3,2342.73,3,14,10.0,2
1,2922.59,3,7,10.0,2
2,2370.48,5,6,10.0,2
3,3672.14,3,14,10.0,2
4,4206.03,4,14,10.0,2
3,2966.09,5,12,10.0,2
1,2336.79,5,9,10.0,2
2,2671.88,4,10,10.0,2
11,2515.91,3,12,9.186,2
4,1764.75,3,10,10.0,2
2,3004.99,5,12,10.0,2
3,2904.33,3,14,10.0,2
1,2464.14,4,7,10.0,2
2,1619.5,7,10,10.0,2
2,2453.69,5,6,10.0,2
3,2038.94,4,10,10.0,2
2,2997.34,3,12,10.0,2
4,1836.5,3,10,10.0,2
3,2692.35,4,9,10.0,2
1,2633.77,6,14,10.0,2
4,2181.03,3,9,10.0,2
0,2276.84,3,9,10.0,2
0,2686.12,4,6,10.0,2
0,2712.06,6,7,10.0,2
3,1933.44,3,14,10.0,2
2,2757.61,6,12,10.0,2
2,2357.72,3,10,10.0,2
2,2283.71,3,14,10.0,2
2,2098.19,3,14,10.0,2
3,2768.94,3,9,10.0,2
1,2561.79,4,8,10.0,2
2,2339.68,3,10,10.0,2
1,2041.67,6,14,10.0,2
1,2055.51,6,9,10.0,2
3,2129.98,6,9,10.0,2
0,2342.94,3,14,10.0,2
4,2229.22,4,10,10.0,2
0,1951.23,5,10,10.0,2
5,2856.58,5,9,9.6428,2
0,2579.02,7,12,10.0,2
0,2667.29,5,12,10.0,2
0,2634.08,4,8,10.0,2
4,2671.03,7,11,10.0,2
2,2540.03,7,12,10.0,2
0,4063.51,4,12,10.0,2
3,2873.05,5,14,10.0,2
4,1765.37,3,14,10.0,2
2,2655.72,7,10,10.0,2
3,2261.29,6,12,10.0,2
2,3601.01,7,6,10.0,2
2,2633.27,7,9,10.0,2
4,2428.96,4,12,10.0,2
4,2320.08,7,6,10.0,2
0,2966.18,5,10,10.0,2
3,3360.14,6,10,10.0,2
3,2883.11,4,14,10.0,2
2,1865.43,4,8,10.0,2
0,2855.56,7,14,10.0,2
5,1614.09,4,14,8.9649,2
4,1796.44,3,9,10.0,2
4,2886.23,7,9,10.0,2
11,1488.5,4,9,8.021,2
2,2340.55,7,7,10.0,2
4,3281.22,6,14,10.0,2
4,2981.11,3,8,10.0,2
2,2476.62,3,8,10.0,2
0,2453.35,5,8,10.0,2
5,2578.27,6,12,10.0,2
4,2479.65,5,12,10.0,2
2,3287.51,4,14,10.0,2
0,2683.99,3,9,10.0,2
2,2832.81,4,12,10.0,2
0,2865.57,4,6,10.0,2
1,3159.38,5,14,10.0,2
2,2785.51,3,9,10.0,2
3,2568.75,3,9,10.0,2
3,2221.77,6,6,10.0,2
2,1775.49,5,7,10.0,2
5,2800.06,4,8,9.2167,2
0,2541.67,7,12,10.0,2
2,3279.64,4,7,10.0,2
3,1905.43,5,10,10.0,2
2,3048.81,3,12,10.0,2
3,2783.04,6,14,10.0,2
3,3368.35,3,7,10.0,2
4,2204.35,6,8,10.0,2
1,1983.96,5,12,10.0,2
0,3081.97,5,9,10.0,2
2,2813.07,3,12,10.0,2
1,2973.22,6,12,10.0,2
0,2511.67,3,7,10.0,2
5,2973.02,7,7,9.5788,2
3,3042.45,6,8,10.0,2
4,2788.9,7,8,10.0,2
2,2283.65,3,7,10.0,2
3,2696.75,3,10,10.0,2
0,2935.41,4,7,10.0,2
2,2567.93,3,10,10.0,2
6,2067.7,6,8,9.528,2
1,2315.56,7,14,10.0,2
5,3536.52,3,7,8.9167,2
2,3896.22,3,7,10.0,2
1,1677.03,3,7,10.0,2
4,3857.26,4,14,10.0,2
5,2636.47,6,6,9.3561,2
0,3363.4,6,9,10.0,2
2,2935.46,3,8,10.0,2
1,2359.01,3,9,10.0,2
2,1636.58,4,10,10.0,2
4,2235.3,3,7,10.0,2
2,2770.7,6,9,10.0,2
1,3147.08,3,12,10.0,2
6,2624.08,7,12,10.0,2
4,3768.51,4,12,10.0,2
3,2533.83,5,9,10.0,2
2,3294.92,6,12,10.0,2
0,1790.96,5,12,10.0,2
2,2263.35,3,14,10.0,2
0,3340.01,7,7,10.0,2
5,2626.86,4,12,9.8545,2
3,3043.68,5,7,10.0,2
3,2780.93,6,9,10.0,2
6,2128.39,3,7,8.6214,2
2,2809.27,5,7,10.0,2
3,2512.2,6,9,10.0,2
2,2027.71,4,8,10.0,2
2,2853.7,3,14,10.0,2
3,1595.05,4,8,10.0,2
6,2055.45,6,6,9.1926,2
1,2641.43,3,8,10.0,2
3,2671.12,5,14,10.0,2
0,2739.24,5,12,10.0,2
3,3965.77,4,10,10.0,2
3,2555.48,3,14,10.0,2
0,3267.05,3,14,10.0,2
1,2513.86,6,14,10.0,2
0,2573.75,7,8,10.0,2
1,2193.78,6,8,10.0,2
2,2507.14,3,9,10.0,2
2,2455.31,4,12,10.0,2
3,2523.52,3,6,10.0,2
1,2152.44,5,7,10.0,2
3,3494.15,5,10,10.0,2
3,3086.26,7,9,10.0,2
2,3321.24,3,6,10.0,2
3,2746.69,7,8,10.0,2
1,2964.7,6,12,10.0,2
2,2636.92,3,9,10.0,2
1,3403.11,4,9,10.0,2
1,1774.5,6,14,10.0,2
0,2928.54,4,10,10.0,2
2,1733.29,3,8,10.0,2
1,3275.66,7,6,10.0,2
1,2507.46,4,12,10.0,2
2,2341.7,3,10,10.0,2
2,1938.64,5,10,10.0,2
0,2369.06,5,8,10.0,2
3,2906.97,7,8,10.0,2
4,3080.84,4,12,10.0,2
4,2990.22,4,6,10.0,2
0,2818.59,7,10,10.0,2
4,2113.11,5,8,10.0,2
3,2562.99,3,10,10.0,2
3,1636.74,7,7,10.0,2
5,3548.94,5,14,10.0,2
2,2622.16,3,14,10.0,2
1,2352.02,4,12,10.0,2
6,2975.54,7,9,9.8459,2
0,2051.17,6,14,10.0,2
2,2434.07,7,10,10.0,2
2,2756.58,7,14,10.0,2
0,2801.67,3,8,10.0,2
3,2739.12,6,12,10.0,2
1,2472.34,3,8,10.0,2
1,2219.36,4,14,10.0,2
3,3411.38,3,9,10.0,2
4,3240.63,3,8,10.0,2
2,2428.89,4,9,10.0,2
4,2720.13,6,9,10.0,2
0,2096.91,3,8,10.0,2
2,2197.12,3,9,10.0,2
3,2900.64,3,6,10.0,2
2,2511.82,6,10,10.0,2
2,2753.94,5,9,10.0,2
2,1386.23,3,10,10.0,2
7,3050.51,5,6,9.0418,2
3,2214.15,3,10,10.0,2
2,2647.59,3,7,10.0,2
0,2605.37,7,8,10.0,2
3,1968.37,5,14,10.0,2
0,3454.22,3,12,10.0,2
0,2817.03,6,6,10.0,2
3,2892.69,5,6,10.0,2
0,2345.13,7,8,10.0,2
0,2808.91,3,9,10.0,2
3,1923.05,5,7,10.0,2
1,3331.44,5,6,10.0,2
4,2207.06,5,6,10.0,2
0,2384.93,4,6,10.0,2
1,1967.94,3,7,10.0,2
0,2444.94,4,7,10.0,2
0,3531.27,7,14,10.0,2
3,2934.0,7,8,10.0,2
0,2479.85,6,6,10.0,2
7,1770.66,3,7,7.8031,2
0,1821.74,7,12,10.0,2
7,2352.61,5,7,9.0921,2
0,2473.06,4,7,10.0,2
1,2715.12,7,7,10.0,2
3,2435.62,4,9,10.0,2
3,2606.51,6,9,10.0,2
4,1860.68,7,7,10.0,2
1,2050.74,4,14,10.0,2
3,3171.58,4,10,10.0,2
3,3223.86,5,14,10.0,2
2,3369.84,6,10,10.0,2
2,2164.33,5,8,10.0,2
4,2573.69,3,12,10.0,2
0,2571.16,6,6,10.0,2
1,3839.61,5,7,10.0,2
5,2613.5,3,12,9.6022,2
4,2272.95,4,9,10.0,2
5,3296.93,3,8,9.0495,2
1,2475.48,4,12,10.0,2
0,2056.9,6,7,10.0,2
0,1786.87,3,12,10.0,2
3,3484.41,6,14,10.0,2
3,2762.61,4,12,10.0,2
4,3003.12,4,6,10.0,2
2,2935.14,4,10,10.0,2
1,2015.53,4,7,10.0,2
4,2127.81,4,9,10.0,2
0,2441.44,3,10,10.0,2
3,2247.03,4,6,10.0,2
2,2262.21,4,7,10.0,2
3,3065.51,3,10,10.0,2
6,3343.49,5,14,10.0,2
2,2844.24,4,9,10.0,2
4,2788.03,6,6,10.0,2
3,3495.87,5,14,10.0,2
2,3384.53,5,12,10.0,2
2,2602.7,4,12,10.0,2
3,1894.57,4,14,10.0,2
1,2098.34,6,14,10.0,2
3,2512.16,4,8,10.0,2
0,2359.95,3,9,10.0,2
3,2223.22,5,14,10.0,2
6,2590.85,3,8,8.8651,2
2,2647.93,4,6,10.0,2
2,1849.41,6,10,10.0,2
2,2514.06,3,9,10.0,2
2,2631.73,5,9,10.0,2
2,2807.53,3,10,10.0,2
3,2795.38,7,7,10.0,2
2,3050.22,4,9,10.0,2
3,2548.82,4,14,10.0,2
4,2260.92,3,7,10.0,2
3,2815.95,5,14,10.0,2
2,3165.99,3,7,10.0,2
2,2516.65,5,9,10.0,2
0,2171.2,3,14,10.0,2
1,2394.27,3,9,10.0,2
4,3047.52,7,10,10.0,2
2,3133.62,6,6,10.0,2
1,1707.55,4,16,10.0,2
4,3783.8,7,6,10.0,2
1,1983.82,3,6,10.0,2
0,2886.18,5,12,10.0,2
3,2485.78,7,6,10.0,2
3,2195.38,7,6,10.0,2
2,3003.39,7,6,10.0,2
4,3363.76,8,12,10.0,2
3,2890.43,5,9,10.0,2
10,2179.51,3,8,8.5299,2
4,2232.68,3,7,10.0,2
1,2980.97,3,14,10.0,2
3,2988.36,3,6,10.0,2
4,2441.76,6,7,10.0,2
0,3128.93,7,7,10.0,2
3,2562.92,6,14,10.0,2
1,3319.09,4,12,10.0,2
0,2758.77,4,8,10.0,2
8,2748.26,5,12,9.9247,2
5,1642.66,4,9,8.4749,2
6,2539.58,4,12,9.7733,2
1,3356.35,5,12,10.0,2
1,2243.67,3,7,10.0,2
3,4018.82,6,6,10.0,2
0,1909.48,7,7,10.0,2
0,2482.71,4,7,10.0,2
0,2067.38,6,9,10.0,2
3,3151.99,5,12,10.0,2
2,2211.98,6,14,10.0,2
1,2813.17,5,8,10.0,2
0,2191.45,5,10,10.0,2
2,1863.16,3,10,10.0,2
2,2799.85,7,7,10.0,2
2,2221.66,5,14,10.0,2
4,3027.41,3,6,10.0,2
0,3264.32,5,12,10.0,2
3,1747.52,3,10,10.0,2
3,2179.27,6,11,10.0,2
3,3702.44,3,8,10.0,2
2,2604.6,4,9,10.0,2
4,2421.36,3,10,10.0,2
3,2888.02,3,7,10.0,2
2,3317.51,4,14,10.0,2
3,3493.94,6,8,10.0,2
5,2882.11,3,10,9.3137,2
0,2241.54,7,9,10.0,2
3,3614.07,4,12,10.0,2
4,3204.48,5,14,10.0,2
0,3332.03,3,12,10.0,2
3,2706.26,7,6,10.0,2
2,2933.21,8,6,10.0,2
1,2054.73,4,14,10.0,2
3,3316.11,6,9,10.0,2
1,3362.14,6,10,10.0,2
1,2850.84,3,10,10.0,2
1,3110.16,6,9,10.0,2
4,3385.79,6,9,10.0,2
3,3181.93,7,12,10.0,2
1,3051.24,6,10,10.0,2
1,2184.35,3,7,10.0,2
4,2504.26,3,7,10.0,2
0,2805.19,4,12,10.0,2
7,2398.81,3,6,8.4331,2
2,2101.6,3,9,10.0,2
0,3014.89,5,8,10.0,2
1,3480.0,3,10,10.0,2
1,2532.19,3,9,10.0,2
1,1781.59,5,9,10.0,2
5,2638.88,4,7,9.0231,2
2,2257.06,6,12,10.0,2
2,2369.45,6,9,10.0,2
1,2290.74,4,8,10.0,2
2,2735.0,4,8,10.0,2
3,1363.41,3,7,9.9189,2
2,2622.59,7,8,10.0,2
2,2572.64,3,8,10.0,2
1,2107.2,3,7,10.0,2
1,2652.07,5,7,10.0,2
2,2114.72,3,6,10.0,2
4,2845.44,6,12,10.0,2
0,3555.19,3,9,10.0,2
5,3644.41,3,8,9.0833,2
2,2355.12,3,14,10.0,2
2,1539.92,7,9,10.0,2
2,2347.9,3,9,10.0,2
3,2135.25,5,14,10.0,2
3,2869.93,3,9,10.0,2
0,2646.25,6,10,10.0,2
0,2209.64,6,8,10.0,2
2,2367.11,3,14,10.0,2
3,2776.28,5,7,10.0,2
1,1463.07,7,7,10.0,2
3,2506.83,3,10,10.0,2
4,1791.55,4,10,10.0,2
0,3521.18,5,12,10.0,2
0,1812.84,7,10,10.0,2
1,1911.32,4,14,10.0,2
3,2846.9,3,6,10.0,2
4,2402.17,7,9,10.0,2
3,1752.92,6,6,10.0,2
3,3266.09,7,9,10.0,2
1,1995.81,3,12,10.0,2
2,2358.51,6,10,10.0,2
0,2574.79,4,8,10.0,2
1,3404.49,4,12,10.0,2
4,2322.71,6,9,10.0,2
2,1717.24,5,6,10.0,2
2,2988.14,7,8,10.0,2
2,2149.24,6,6,10.0,2
3,2790.87,7,12,10.0,2
4,3536.67,3,12,10.0,2
0,2978.32,6,14,10.0,2
0,2501.85,7,9,10.0,2
2,1739.21,3,10,10.0,2
3,3592.13,7,6,10.0,2
5,3025.4,6,9,9.9209,2
3,1477.71,3,7,9.9589,2
0,2652.68,3,6,10.0,2
3,2610.05,4,10,10.0,2
2,2200.31,7,12,10.0,2
0,2811.19,4,10,10.0,2
7,2276.65,3,7,8.5794,2
1,2710.3,5,10,10.0,2
2,3164.89,5,9,10.0,2
4,2880.02,3,14,10.0,2
2,3861.87,4,12,10.0,2
3,2209.89,7,6,10.0,2
4,2247.26,6,10,10.0,2
3,2331.36,6,14,10.0,2
3,2712.16,3,9,10.0,2
3,2719.28,3,14,10.0,2
